accession,position,ref_aa,alt_aa,cardioboost_score
P45379,37,A,G,0.00417
P45379,38,A,E,0.00403
P45379,38,A,V,0.00543
P45379,46,A,P,0.04268
P45379,46,A,T,0.00815
P45379,64,E,D,0.00186
P45379,70,M,L,0.02736
P45379,70,M,V,0.01907
P45379,76,K,N,0.36366
P45379,79,S,L,0.0062
P45379,79,S,W,0.01966
P45379,80,F,L,0.56222
P45379,83,N,S,0.02809
P45379,87,P,T,0.97861
P45379,89,I,F,0.98595
P45379,89,I,N,0.96026
P45379,89,I,T,0.99715
P45379,90,P,L,0.98696
P45379,90,P,S,0.99655
P45379,90,P,T,0.9968
P45379,92,G,R,0.97136
P45379,93,E,D,0.28462
P45379,93,E,K,0.9976
P45379,94,R,I,0.65321
P45379,94,R,S,0.07215
P45379,94,R,T,0.48126
P45379,95,V,L,0.25398
P45379,95,V,M,0.98135
P45379,96,D,A,0.99127
P45379,97,F,L,0.91681
P45379,98,D,E,0.81857
P45379,100,I,M,0.99848
P45379,100,I,N,0.98651
P45379,102,R,L,0.99228
P45379,102,R,Q,0.98757
P45379,102,R,W,0.98899
P45379,103,K,E,0.99754
P45379,103,K,N,0.98289
P45379,103,K,Q,0.95963
P45379,104,R,C,0.98694
P45379,104,R,H,0.98161
P45379,104,R,L,0.98635
P45379,104,R,P,0.97747
P45379,106,E,K,0.99471
P45379,107,K,N,0.97324
P45379,108,D,E,0.91841
P45379,109,L,M,0.75919
P45379,114,A,E,0.10034
P45379,114,A,V,0.13953
P45379,116,I,M,0.9775
P45379,120,F,I,0.96725
P45379,120,F,L,0.96512
P45379,120,F,L,0.96725
P45379,120,F,V,0.97348
P45379,123,R,S,0.99135
P45379,128,E,K,0.7269
P45379,129,E,Q,0.96205
P45379,131,V,I,0.04339
P45379,131,V,L,0.01764
P45379,140,R,C,0.99399
P45379,140,R,G,0.98692
P45379,141,R,G,0.98737
P45379,141,R,P,0.99634
P45379,141,R,Q,0.99542
P45379,141,R,W,0.99822
P45379,144,R,G,0.99512
P45379,144,R,P,0.98833
P45379,144,R,Q,0.98685
P45379,144,R,W,0.98272
P45379,149,R,C,0.86219
P45379,149,R,H,0.97693
P45379,149,R,S,0.95006
P45379,151,R,Q,0.97875
P45379,151,R,W,0.9569
P45379,152,N,K,0.01583
P45379,154,R,W,0.99072
P45379,158,R,W,0.8478
P45379,161,R,C,0.73119
P45379,167,A,P,0.65265
P45379,167,A,S,0.14882
P45379,168,R,G,0.76421
P45379,169,R,Q,0.97086
P45379,173,E,K,0.9571
P45379,173,E,Q,0.849
P45379,174,N,K,0.02425
P45379,176,R,G,0.20313
P45379,182,A,S,0.57264
P45379,183,R,G,0.46807
P45379,183,R,L,0.72105
P45379,183,R,Q,0.58326
P45379,183,R,W,0.91624
P45379,184,K,N,0.40635
P45379,189,S,A,0.01538
P45379,189,S,F,0.8247
P45379,193,H,Q,0.17394
P45379,198,I,V,0.07455
P45379,206,R,W,0.57374
P45379,213,T,I,0.70927
P45379,213,T,N,0.20737
P45379,213,T,S,0.39735
P45379,215,R,L,0.61492
P45379,215,R,P,0.72908
P45379,215,R,Q,0.85232
P45379,215,R,W,0.84881
P45379,221,I,T,0.05357
P45379,221,I,T,0.28636
P45379,249,S,R,0.01462
P45379,254,E,D,0.09517
P45379,262,E,K,0.041
P45379,268,K,I,0.79698
P45379,279,N,K,0.80501
P45379,281,N,I,0.0922
P45379,281,N,S,0.04567
P45379,283,K,E,0.89365
P45379,283,K,Q,0.77259
P45379,288,R,C,0.13914
P45379,288,R,H,0.61741
P45379,288,R,L,0.2344
P45379,288,R,P,0.55271
P45379,290,K,N,0.07748
P45379,296,R,C,0.5661
P45379,296,R,H,0.1966
P45379,296,R,L,0.18543
P45379,296,R,S,0.05832
P45379,297,W,L,0.12006
